source,target,weight
and,everything,0.2172536338251832
in,every,0.22131613551500945
itself,itself,0.215476114797901
no,everything,0.2171498715593915
over,every,0.2113615862410423
which,everything,0.23999053464334158
who,between,0.22096707609064037
