source,target,weight
them,until,0.41012010605677274
until,until,0.39985540100422196
