source,target,weight
but,until,0.43735768195002245
that,until,0.4185045460176481
to,toward,0.4210116781423567
