source,target,weight
an,toward,0.48205777841838826
one,toward,0.4649561825351454
