source,target,weight
as,save,0.22493040828111613
before,save,0.21605780841674063
before,till,0.21843244441436102
from,till,0.22433562844814245
its,save,0.21434987929136193
none,save,0.21920699802601465
save,save,0.21711971660537818
