source,target,weight
in,either,0.29351885028555014
what,either,0.30253727489384613
