source,target,weight
by,close,0.24531703112425945
one,close,0.22927616508450663
or,close,0.23981035186546568
