source,target,weight
after,until,0.2625886512643572
them,until,0.26235564276275625
