source,target,weight
as,upon,0.23415829305315353
from,upon,0.23987387141187305
might,towards,0.23721119763885096
on,upon,0.2437639478178249
over,upon,0.26291172513117833
this,upon,0.2418528506862
