source,target,weight
an,however,0.17485236767774118
as,everything,0.18145825927606057
could,however,0.1776731138394601
could,such,0.17869688071773512
everything,everything,0.1734295506605174
from,such,0.18255255180990487
itself,however,0.17718126871514786
since,everything,0.17630912587579636
some,such,0.18069442600930447
these,however,0.18066764174674615
this,such,0.17310114298686322
towards,everything,0.17483060166043513
