source,target,weight
other,round,0.29637835083025815
us,round,0.30292243214159675
