source,target,weight
certain,upon,0.24955586041241593
so,upon,0.26758221521565806
without,upon,0.26036867947788733
