source,target,weight
could,toward,0.29205587295770546
little,upon,0.27855104121445073
