source,target,weight
an,toward,0.6140184193313514
and,toward,0.602614313148825
of,toward,0.6048155012011727
one,toward,0.5281443130078185
toward,toward,0.6483656166459014
