source,target,weight
once,aside,0.2588067526526177
yet,toward,0.25640845284985847
