source,target,weight
any,however,0.25592094137882576
these,however,0.25007050049738244
